title;class;revid;paragraphs
Abajo;islamo;9485202;1
Abasida Kaliflando;islamo;9485782;52
Abd ar-Rahman la 1-a;islamo;8791124;3
Abdul Qadir (islamestro);islamo;9364738;1
Abdullahi Ahmed An-Na'im;islamo;8798299;1
Abismo (religio);judismo;9445391;10
Abo;judismo;9293466;1
Abraham J. Twerski;judismo;7800393;1
Abraham Sofaer;judismo;9259566;7
Abrahamo Zbar;judismo;9326614;3
Abu Sufjan ibn Harb;islamo;9366193;1
Adaro;judismo;5172184;2
Adolf Joffe;judismo;9303546;3
Advokato de la Diablo;kristanismo;7425419;4
Aglabidoj;islamo;9356086;2
Agoj de la Beata Francisko kaj de Liaj Kompanuloj;kristanismo;8936884;4
Ahl al-Bajt;islamo;9479944;4
Ahmad al-Buni;islamo;8512544;2
Ahmadismo;islamo;9299275;17
Al-Adid;islamo;8554403;2
Al-Fatiha (Fondaĵo);islamo;7999453;3
Al-Faĝr;islamo;8816732;1
Al-Hadi;islamo;8510662;3
Al-Kahir;islamo;8510668;4
Al-Mansur;islamo;8510673;2
Al-Mu'tamid;islamo;8510677;3
Al-Muktadi;islamo;8510683;3
Al-Muntasir;islamo;8512660;2
Al-Mustakfi;islamo;8510694;2
Al-Mustansir (Bagdado);islamo;9430448;3
Al-Mustansir Billah;islamo;8512672;1
Al-Mustanĝid;islamo;8510696;2
Al-Mustazhir;islamo;9299213;2
Al-Muttaki;islamo;8510708;2
Al-Nizamija;islamo;8619433;2
Al-Tabari;islamo;8512677;1
Al-Ŭatik;islamo;8854220;5
Albayzín;islamo;8707546;2
Albert Einstein;judismo;9463912;66
Aleksandro Silbernik;judismo;9339862;2
Alfonso Maria Ratisbona;judismo;9478356;5
Alfred Polgar;judismo;9483163;5
Alida ribelo de 762–763;islamo;8619415;4
Alpha Epsilon Phi;judismo;8078668;3
Alpha Epsilon Pi;judismo;8004605;5
Amen;islamo;9155502;6
Amin al-Husajni;islamo;8925481;2
Amina Laŭal;islamo;8513382;3
Amiro (Islamo);islamo;9263430;3
An-Nasir;islamo;8510754;2
Angoro en la Ĝardeno;kristanismo;7938975;5
Anis Amri;islamo;8457934;2
Antinomismo;kristanismo;9180412;6
Apofata teologio;kristanismo;8907508;4
Apostolaj patroj;kristanismo;8142950;8
Araba mitologio;islamo;7940079;1
Ariel Toaff;judismo;9422744;17
Arik Einstein;judismo;7953651;1
Armagedono;kristanismo;9009212;3
Armita Islama Grupo de Alĝerio;islamo;9462369;6
Aro de kristanaj studentaj korporacioj (KEDEX);kristanismo;8971009;5
Aron ben Josef;judismo;8577697;2
Asasinoj;islamo;8977242;2
Aserta teologio;kristanismo;9114965;6
Asiria Eklezio de la Oriento;kristanismo;9343376;11
Atabego;islamo;9276432;1
Ayman Odeh;islamo;9437501;4
Az-Zahir;islamo;8510778;1
Azazelo;judismo;9192351;6
Azraelo;islamo;9196532;1
Aŭgusteno kaj Jozefo Lèmann;judismo;9479411;11
Aŭtokefalio;kristanismo;9478227;7
Baal Sulam;judismo;9459032;14
Babilona ekzilo;judismo;8757271;12
Banu Adi;islamo;8831652;1
Banu Hilal;islamo;8831655;1
Banu Ifran;islamo;7767560;3
Banu al-Ĥazraĝ;islamo;8818927;1
Batalo de Badro;islamo;7978635;2
Batalo de Tours;islamo;8977880;4
Batalo de la Rivero Garono;islamo;8868807;2
Berghŭata;islamo;8936225;2
Bernardo Wexler;judismo;8537146;1
Bet din;judismo;7949945;1
Betmidraŝo Govoha;judismo;8872253;4
Bibliaj juĝistoj;judismo;9047120;4
Boris Kolker;judismo;9435746;13
Brit mila;judismo;8892343;1
Buĥoraj judoj;judismo;8832082;3
Carl Müllerhartung;judismo;9355775;7
Cedaka;judismo;9196496;3
Cerdono;kristanismo;9049877;5
Chaim Weizmann;judismo;8351776;4
Chava Pressburger;judismo;9327253;7
Corpus Dionysianum;kristanismo;8931322;16
Dalil Boubakeur;islamo;8925538;3
Dekano (eklezio);kristanismo;9352468;1
Deklaracio de homaj rajtoj en islamo;islamo;8104194;7
Deus otiosus;kristanismo;7300363;6
Dhu al-hiĝĝah;islamo;7310954;2
Diakoneco;kristanismo;8105273;1
Dirshu;judismo;9214432;8
Diservo;kristanismo;9117235;1
Doktrino kaj Interligoj;kristanismo;7781765;1
Donatismo;kristanismo;8820596;2
Dunjejo;islamo;9196534;1
Duonpelagianismo;kristanismo;5387261;5
Ebionitoj;kristanismo;9194204;3
Ebrahim Raisi;islamo;8746018;1
Edgar Morin;judismo;9391334;35
Efraim Kiŝon;judismo;9108726;5
Eklezio de la Nazaretano;kristanismo;8962861;2
Ekzarko;kristanismo;9283811;2
Ekzegeza skolo de Madrido;kristanismo;9325014;15
El lunes nos querrán;islamo;9206576;21
Elaine Pagels;kristanismo;6421075;6
Elaĉeto;kristanismo;8757262;11
Elio Toaff;judismo;7997205;2
Eliro (historia evento);judismo;9459723;60
Elulo;judismo;9207899;1
Encyclopaedia Judaica;judismo;8906530;2
Encyclopedia of Judaism;judismo;9132429;2
Enlanda Milito dum la Mandato Palestino 1947-1949;judismo;9371110;14
Episkopejo;kristanismo;9441754;2
Episkopujo;kristanismo;9488257;9
Erhard Bodenschatz;judismo;9440847;9
Eseo pli la kreskiĝo de la kristana doktrino;kristanismo;7453819;4
Esploro pri la historia Jesuo;kristanismo;9409083;61
European Journal of Jewish Studies;judismo;8156296;1
Evangeliisto (Nova Testamento);kristanismo;9392828;12
Evangelio laŭ Judaso;kristanismo;8869566;5
Eŭropa Juda Kongreso;judismo;9233778;1
Fakih;islamo;8847078;4
Falintaj anĝeloj;kristanismo;9490283;18
Falo de la homo;kristanismo;9230627;23
Falsafismo;islamo;9196536;5
Fariseoj;judismo;9077951;4
Fatima al-Fihri;islamo;9443213;7
Fatima bint Muhamad;islamo;8169362;8
Fatimah bint al-Ĥattab;islamo;8169363;1
Fatvo;islamo;9196538;4
Felice Bauer;judismo;9392508;2
Felix Salten;judismo;8843658;5
Fido kaj racio;kristanismo;9403088;8
Filiokvo;kristanismo;9402050;19
Filip Kurjański;judismo;9326607;13
Filo de homo;kristanismo;9230594;23
Flava insigno;judismo;9452832;16
Fondaĵo Joseph Ratzinger-Benedikto la 16-a;kristanismo;8933634;4
Formiĝo de la Nova Testamento;kristanismo;8697823;13
Forpelo de la judoj el Hispanio;judismo;9453928;26
Forpelo de la moriskoj;islamo;8919156;13
Forto (virto);kristanismo;8181514;2
Fratino Emmanuelle;kristanismo;8539838;21
Frigia-dominanta gamo;judismo;8183425;6
Gaznavidoj;islamo;8198917;3
Geto de Romo;judismo;9453924;20
Getsemano;kristanismo;8986004;11
Giora Feidman;judismo;8205184;5
Glosolalio;kristanismo;9331288;2
Gnostikaj evangelioj;kristanismo;8774395;10
Greka evangelio de Egiptoj;kristanismo;8715900;9
Gvidpova akto;kristanismo;8956972;3
Hafizo;islamo;9427203;39
Hagado;judismo;9309022;3
Hakim Bey;islamo;8788638;2
Halaĥo;judismo;9306173;4
Halel;judismo;7246464;19
Hamartiologio;kristanismo;6711790;2
Hamdan ibn Hamdun;islamo;9143565;1
Hamdanidoj;islamo;9143609;2
Har HaMenuĥot;judismo;9459305;4
Haremo;islamo;9300339;3
Hasan ibn Ali;islamo;8868430;1
Haskala;judismo;9284797;5
Haĝo;islamo;9206094;3
Hebrea tombejo de Varsovio;judismo;9032559;9
Heinrich Kramer;kristanismo;9472014;7
Helenisma judismo;judismo;8769049;3
Helvidio;kristanismo;6555394;6
Herb Kohl;judismo;8568126;1
Hermeneŭtiko;kristanismo;9460642;21
Hieronimo el Stridono;kristanismo;9199900;25
Hildeberto de Lavardin;kristanismo;9263805;12
Himnaro;kristanismo;9113926;3
Hira;islamo;9295810;3
Historio de Islamo;islamo;9478730;20
Historio de Kristo;kristanismo;9299330;2
Historio de kristanismo;kristanismo;9434439;76
Hiĝabo;islamo;9485213;14
Honorado de sanktuloj;kristanismo;9413180;6
Hostiujo;kristanismo;9410567;3
Hurio;islamo;9361757;4
Husejn ibn Ali (Heĝazo);islamo;8519666;3
Ibadiismo;islamo;9299202;6
Ibliso;islamo;8821890;0
Ibn Abbas;islamo;8922106;2
Ibn Mukla;islamo;8228690;1
Ibn Tajmija;islamo;8519707;2
Icek Jurysta;judismo;9360513;3
Ichiel Tynowicki;judismo;9370056;2
Iltutmiŝo;islamo;8519851;3
Imamo;islamo;9196608;3
Imamo Ŝamil;islamo;8917838;5
Imanento;kristanismo;8878790;17
Irith Gabriely;judismo;6947220;3
Irshad Manji;islamo;9471192;6
Isaac Watts;kristanismo;9346864;13
Isaj Dratwer;judismo;9326536;3
Islama Daŭa-Partio;islamo;9292223;12
Islama Helpa Societo;islamo;8887029;1
Islama arto;islamo;9479979;5
Islama bankado;islamo;8543079;4
Islama filozofio;islamo;8242209;3
Islama literaturo;islamo;9319368;1
Islama oferofesto;islamo;8242219;3
Islama reformismo;islamo;9267409;4
Islamaj terminoj;islamo;9196550;0
Islamigo;islamo;8722951;4
Islamismo;islamo;9303329;9
Islamologio;islamo;9343533;4
Itamar Ben-Avi;judismo;9327065;8
Itinero de la menso al Dio;kristanismo;9114624;11
Izrael Lejzerowicz;judismo;9473042;7
Jad Vaŝem;judismo;9473026;21
Jakob David Applebaum;judismo;9416595;5
Jakoba Vojo;kristanismo;9466425;123
Jakobo el Edessa;kristanismo;9468768;19
Jakobo la Justulo;kristanismo;9463901;13
Jakobo Ŝapiro;judismo;9482909;19
Jakub Garbar;judismo;9327046;2
Jakub Horowic;judismo;9465277;4
Jan Hus;kristanismo;9036845;8
Jehuda Alkalai;judismo;9254641;5
Jesuo kaj Magdalena;kristanismo;9429206;9
Jezuitaj redukcionoj;kristanismo;9374766;36
Jeŝivestro;judismo;9179578;1
Jeŝivo Bejt El;judismo;9279016;4
Jeŝivo Ec Ĥaim;judismo;9320033;1
Jeŝivo Har Ecion;judismo;9216492;1
Jeŝivo ITRI;judismo;9272639;1
Jicĥak Muĉnik;judismo;9339833;5
Jigdal;judismo;6736845;15
Johano la Apostolo;kristanismo;9447001;9
Joseph E. Stiglitz;judismo;8256766;3
Jozefo de Nazareto;kristanismo;9473323;9
Jubileo (katolika);kristanismo;9195023;17
Juda Kontraŭfaŝisma Komitato;judismo;9433540;8
Juda Militista Asocio;judismo;9213815;4
Juda Renovigo;judismo;9368825;4
Juda Tombejo de la Olivarba Monto;judismo;9325787;7
Juda diasporo;judismo;9429262;21
Juda preĝado;judismo;8140236;5
Juda tombejo;judismo;8159340;5
Judaj terminoj;judismo;7008779;0
Judas (parenco de Jesuo);kristanismo;8257672;4
Judiko;judismo;9343526;6
Judoj;judismo;9281384;20
Kafiro;islamo;9299214;1
Kajafas;judismo;8260423;2
Kalifo;islamo;9471148;5
Kamel-batalo;islamo;9467827;3
Kandeloj de Ŝabato;judismo;8262059;1
Kanonizo;kristanismo;7900943;11
Kanonjura kodo de 1983;kristanismo;8262727;1
Kapadociaj Patroj;kristanismo;9383396;5
Karaima lingvo;judismo;8773113;2
Karaimoj;judismo;8900282;8
Katolikaj epistoloj;kristanismo;7571592;6
Kaŝiĝinta Dio;kristanismo;8872920;3
Kiblo;islamo;9196618;14
Kislevo;judismo;9089990;1
Kisŭah;islamo;8846902;2
Klaŭda Prokula;kristanismo;8737313;11
Klostro;kristanismo;9121217;6
Kodekso Eyckensis;kristanismo;8977284;6
Kodekso Vatikana 354;kristanismo;9267098;8
Kol Nidre;judismo;9263355;11
Komunumo de Taizé;kristanismo;9457816;31
Konferenco pri la jida lingvo;judismo;9433091;5
Konfirmacio;kristanismo;9296315;4
Konkero de Mekko;islamo;8274086;7
Konsilantaro por Helpo al Judoj;judismo;8279552;9
Konstitucio de Medino;islamo;9459546;2
Kontraŭ-Misfama Ligo;judismo;8450223;8
Kontraŭjuda masakro de 1391;judismo;9453932;6
Koranismo;islamo;6996973;1
Korano;islamo;9275723;18
Kovrofesto;kristanismo;8899323;8
Koŝera;judismo;9218559;2
Kriptojudismo;judismo;8715174;2
Krismo;kristanismo;9370955;2
Kristadelfianoj;kristanismo;9180379;10
Kristana Glosaro;kristanismo;9476573;7
Kristana misiejo;kristanismo;9120432;3
Kristana mitologio;kristanismo;8294485;3
Kristana pacismo;kristanismo;8870443;6
Kristana paradizo;kristanismo;9457876;18
Kristana teologio;kristanismo;9484212;120
Kristanismo en Estonio;kristanismo;9318097;2
Kristano;kristanismo;9407665;3
Kristologiaj doktrinoj de la unuaj jarcentoj;kristanismo;9419859;54
Kristologio;kristanismo;9429303;5
Kritiko de Mohamedo;islamo;9348446;1
Kurajŝoj;islamo;9460288;2
Kuzari;judismo;9354997;9
Kvar Justaj Kalifoj;islamo;8301432;3
L. L. Zamenhof;judismo;9447821;47
La Nobla Korano;islamo;8338167;2
La Reformo-Centro por Religio kaj Ŝtato;judismo;9471356;3
La Regno de Dio estas ene de vi;kristanismo;9166739;1
La Tentation de Saint Antoine;kristanismo;8623767;3
La aŭtodidakta filozofo;islamo;7255047;2
La floretoj de Sankta Francisko;kristanismo;9311247;10
La viro Moseo kaj monoteisma religio;judismo;9377998;2
Labaro;kristanismo;9037532;2
Laiko, laikeco, laikismo;kristanismo;9299226;10
Le Fanatisme ou Mahomet le Prophète;islamo;9287217;2
Leo Baeck;judismo;9252166;6
Leopold Dreher;judismo;9468691;1
Letero al Diogneto;kristanismo;9427501;23
Letero de Barnabaso;kristanismo;9430645;11
Lex Mahumet pseudoprophete;islamo;8885914;2
Liberala islamo;islamo;8607300;5
Libro pri la naskiĝo de Maria;kristanismo;8907677;9
Lidja Zamenhof;judismo;9421117;16
Lingvo de Jesuo;kristanismo;9158898;80
Listo de la 100 plej influaj islamanoj;islamo;9136988;7
Listoj de islamanoj;islamo;9321079;0
Litoviaj judoj;judismo;9433087;40
Louis Massignon;kristanismo;8331713;6
Lucifero (mita estaĵo);kristanismo;9481690;45
Ludwig Börne;judismo;8740212;10
Madraso Kukeldaŝ;islamo;9000242;3
Mahmud de Gazni;islamo;8341326;2
Makabea dinastio;judismo;9383680;13
Makabea ribelo;judismo;8757321;1
Makabi HaCair;judismo;8341595;7
Malikŝah la 1-a;islamo;8631072;4
Malnovkristano;judismo;9442676;12
Malsaĝulo pro Kristo;kristanismo;8967929;4
Mamluka Sultanlando (Kairo);islamo;9489048;2
Mamlukoj;islamo;9090998;16
Manao (Biblio);judismo;9483551;10
Mansuro (Sindo);islamo;8938859;3
Marek Edelman;judismo;9217904;3
Maria (patrino de Jesuo);islamo;9410386;22
Maria 2.0;islamo;8916810;5
Maria de Klopas;kristanismo;9362316;10
Martirigo de Fatima;islamo;9385832;1
Maturidismo;islamo;8618718;7
Maĝlis aŝ-Ŝura;islamo;9196606;2
Medicino en mezepoka islama mondo;islamo;9478364;4
Medino;islamo;9469312;4
Meir Kahane;judismo;9179569;5
Mekko;islamo;9469307;31
Meksikaj menonitoj;kristanismo;8979250;2
Memordomo pri suprasilezia judaro;judismo;8602864;4
Menoro;judismo;8937606;4
Meso (diservo);kristanismo;9277182;5
Mezuzo;judismo;8364780;3
Mi estas referencata al Jesuo;kristanismo;8927933;8
Michael Hesemann;kristanismo;9423615;13
Midraŝo;judismo;7929877;2
Mikveo mezepoka de Erfurto;judismo;9044882;5
Minareto;islamo;9410581;2
Miŝno;judismo;9462973;6
Moderna devoteco;kristanismo;8872198;14
Mohammad Hussejn Fadlallah;islamo;8291095;3
Moina Mathers;judismo;6412263;2
Molinismo;kristanismo;9188530;12
Monda Cionisma Organizaĵo;judismo;9233942;5
Mondkonferenco menoanisma;kristanismo;9018700;4
Monergismo;kristanismo;8722180;8
Monto Arafat;islamo;9057942;2
Monto Skopus;judismo;8986079;1
Morooj;islamo;8838600;5
Morta peko;kristanismo;8755238;5
Mortinta tabulo;kristanismo;9054092;8
Moses Goldberg;judismo;9436068;2
Moskeo Edukada Urbo;islamo;9308496;3
Moskeo Kuŭat-al-Islam;islamo;9459475;7
Moskeo Omar Ibn Al-Ĥattab;islamo;9327356;3
Moskeo de Sidi Jahja;islamo;8370822;1
Moskeo de la Omajadoj;islamo;9040412;4
Muezino;islamo;9162725;1
Muftio;islamo;9287777;1
Muhamad al-Sanusi;islamo;9353213;7
Muhammad al-Buĥari;islamo;8912958;1
Muhsin Hendricks;islamo;9428011;9
Muro de lamentadoj;judismo;9000139;3
Muĝadido;islamo;9118797;3
Nacio de Islamo;islamo;8384151;3
Nebibliaj dokumentoj de Kumrano;judismo;9469380;26
Ner Tamid;judismo;9303096;5
Nikabo;islamo;9485204;7
Nikolaismo;kristanismo;9450594;18
Nokto de la Destino;islamo;8389692;4
Norman Finkelstein;judismo;9417630;42
Nova Vulgato;kristanismo;8860078;3
Novĥasidismo;judismo;9216562;3
OekuRom;kristanismo;9319056;0
Okcidenta Kristanismo;kristanismo;9070992;2
Oratorio (arkitekturo);kristanismo;8394362;3
Ortodoksa Judismo;judismo;9077953;6
Osama Mustafa Hassan Nasr;islamo;8925616;4
Otomana Imperio;islamo;9471973;49
Otoman–Mamluka Milito (1516–17);islamo;8395467;1
Paco de Dio;kristanismo;9476279;3
Paladio de Galatia;kristanismo;9255439;4
Palmaĥ;judismo;8396568;2
Panteno;kristanismo;8860768;2
Papa unuarangeco;kristanismo;9461399;21
Parabolo de la edziĝa festo;kristanismo;8865805;6
Parabolo de la lolo;kristanismo;6837993;11
Parola Torao;judismo;9043555;2
Pasiono (kristanismo);kristanismo;9215255;8
Pateno;kristanismo;8398701;5
Patroj de la Eklezio;kristanismo;8833925;11
Paŭlaj epistoloj;kristanismo;8979271;13
Paŭlanoj;kristanismo;9332511;6
Penta kruco;kristanismo;9173047;4
Pentateŭko de Samarianoj;judismo;8879432;9
Pentofero en kristanismo;kristanismo;8399693;1
Persekutado de kristanoj en la antikva Romo;kristanismo;9160241;3
Pesaĥo;judismo;9465256;5
Peter Przystaniak;judismo;8008886;3
Petro Fulisto;kristanismo;9404753;4
Philippe Chenaux;kristanismo;8747594;8
Piedapogilo (krucumo);kristanismo;8058955;5
Pigro;kristanismo;9416694;5
Pilieroj de Islamo;islamo;8752328;17
Placo de la Muro de lamentadoj;judismo;9065507;1
Politika teologio;kristanismo;8409600;1
Pontifika Instituto pri Arabaj kaj Islamaj Studoj;islamo;9343336;4
Porpeto;kristanismo;9429235;20
Portempa voto;kristanismo;6089158;4
Preĝa ligo de Attigny;kristanismo;8326825;5
Prieklezia historio;kristanismo;7785130;6
Principoj de kredo en judismo;judismo;8413952;7
Prisciliano;kristanismo;8774474;3
Profetaĵo;judismo;9317213;11
Profetoj de Islamo;islamo;8414145;6
Protestanta Eklezio de Nederlando;kristanismo;8886017;10
Publikano;kristanismo;9229869;5
RABAŜ;judismo;8421436;9
Rabena judismo;judismo;9458866;9
Rabia (sufisma poetino);islamo;8528239;8
Radhanitoj;judismo;7621838;1
Ralph Lauren;judismo;9393989;5
Raphael Patai;judismo;9105097;2
Rashid al-Din Hamadani;islamo;9301756;5
Raŝid Ganuŝi;islamo;9289699;4
Reform Judaism (brita organizo);judismo;9132433;1
Regina Fels;judismo;9449295;2
Regula pastoralis;kristanismo;9179986;5
Rehoboam;judismo;8424415;1
Reinhold Schneider;kristanismo;9358627;5
Rekonstruisma judismo;judismo;8769042;1
Remonstrantoj;kristanismo;9211665;23
Reskripto de Hadriano;kristanismo;9461775;12
Retablo;kristanismo;9384011;2
Reveno al Ciono;judismo;8620403;3
Reĝlando de Judujo;judismo;8726431;18
Roŝ Haŝana;judismo;9196512;3
Roŝ Ĥodeŝ;judismo;8432601;12
Ruma Sultanlando;islamo;9427119;4
Sabatistoj;kristanismo;9446533;1
Sadukeoj;judismo;9032036;2
Sahabo;islamo;9388906;2
Sajido;islamo;8290569;2
Salamon Áron Wertheimer;judismo;9137354;4
Salomon Kornfeld;judismo;9473044;5
Samseksemo kaj katolikismo;kristanismo;9177516;6
Sankta Ligo (1571);kristanismo;8666893;3
Sankta Marono;kristanismo;8442258;2
Sankta Stefano;kristanismo;9288958;3
Sanktaj urboj de islamo;islamo;8442339;6
Sanktejo de la Mantelo;islamo;8069100;2
Sanusio;islamo;8443717;4
Savanto (Biblio);kristanismo;9353859;8
Savo laŭ la Biblio;kristanismo;9272812;12
Saĝdeo;islamo;8444979;1
Schwabenspiegel;judismo;9036402;5
Scienco en la mezepoka islama mondo;islamo;8886222;7
Se questo è un uomo;judismo;9271908;26
Sekulareco;kristanismo;9453494;10
Semen Vajnblat;judismo;9327851;3
Sensavido (Biblio);kristanismo;5566514;6
Sepimamismo;islamo;9360248;3
Setanoj;kristanismo;8890653;14
Sic et Non;kristanismo;8465381;4
Siduro;judismo;8448895;2
Siegfried Kracauer;judismo;8986457;13
Sieĝo de Taif;islamo;9360471;1
Sijum HaŜas;judismo;9214429;7
Sikarioj;judismo;8840275;2
Simbolo Nicea-Konstantinopola;kristanismo;9462127;10
Sinagogo;judismo;9410587;3
Sinagogo de slonimaj ĥasidoj en Krynki;judismo;8450921;2
Sinedrio;judismo;9436057;19
Sinodo;kristanismo;9026789;1
Sinodo de Whitby;kristanismo;5094578;4
Sinodo de la kadavro;kristanismo;9424156;12
Sistematika teologio;kristanismo;8729607;2
Skilio;kristanismo;9240239;5
Sklaveco;islamo;9478702;52
Solena voto;kristanismo;8453349;3
Soomro;islamo;8617885;2
Steleo de la Morta Maro;judismo;9435356;7
Stelo de Davido;judismo;9008181;3
Sufiismo;islamo;9311956;38
Sufragana diocezo;kristanismo;9026375;8
Sultano;islamo;9180247;3
Sunaismo;islamo;9381318;43
Symbolum Apostolorum;kristanismo;8469499;3
Ta-Ha;islamo;8131602;2
Taciano el Asirio;kristanismo;9372205;11
Talito;judismo;8473154;2
Talmudo;judismo;9196520;3
Tamuzo;judismo;6660214;1
Tanja Rabatio;judismo;9248395;1
Tanjao;judismo;9248396;2
Tawhid;islamo;9471208;2
Taŭbo;islamo;8475317;2
Tempiaj harbukloj;judismo;8475819;3
Templa Monto;judismo;9416297;1
Tentoj de Jesuo;kristanismo;9424918;21
Teodoro la Legisto;kristanismo;9271612;4
Teodoro Ŝvarc;judismo;9337344;11
Teodoziaj dekretoj;kristanismo;8927583;41
Teofilo el Antioĥio;kristanismo;9321345;29
Teologio praktika;kristanismo;9003794;4
Teopaskismo;kristanismo;9462488;9
Tiele parolis Zaratuŝtro;kristanismo;9137237;40
Tiŝrio;judismo;8261220;1
Tombejo Jarkon;judismo;9219749;2
Tombejo Naĥalat-Jicĥak;judismo;9219750;4
Tombo de Benei Hezir;judismo;8482627;2
Tomboj de la Sinedrio;judismo;9329036;3
Tosefta;judismo;8484755;3
Traktaĵo Teologia-Politika;judismo;9314671;11
Transŝanĝo de la akvo al vino;islamo;9362717;6
Tri Mariaj;kristanismo;9483544;7
Tria batalo de Homs;islamo;9329230;5
Tria ordeno;kristanismo;9028073;4
Triforma Protennoia;kristanismo;9066876;6
Triteismo;kristanismo;9374728;4
Tuko de Edessa;kristanismo;9462653;15
Tutmonda Islama Ligo;islamo;9124325;3
Tutmonda ORT;judismo;9452482;7
Umar ibn al-Ĥattab;islamo;9460232;45
Ummao;islamo;8490483;2
Universitato de Sankore;islamo;8788345;1
Unkto;kristanismo;9370952;4
Unua Juda-Romia Milito;judismo;8403843;2
Unuaj centroj de la Kristanismo;kristanismo;9448901;69
Unuarangeco de Petro;kristanismo;9474397;29
Unueco de fratoj;kristanismo;9180374;1
Urbo de Davido;judismo;8986008;1
Usonjuda Komitato;judismo;8450224;1
Usonjuda Kundistribua Komitato;judismo;9266889;2
Vadim Perelman;judismo;9265628;4
Vall de Boí;kristanismo;9437464;19
Vaticinia de Summis Pontificibus;kristanismo;9452632;6
Vera Eklezio de Jesuo;kristanismo;8534686;19
Vera Kruco;kristanismo;9374332;5
Verband nationaldeutscher Juden;judismo;9021677;9
Via Dolorosa;kristanismo;8986068;1
Viktora Skolo;kristanismo;8545053;3
Vilhelmo de Volpiano;kristanismo;8631725;4
Vladimir Solovjov;kristanismo;9463072;28
Vokiteco;kristanismo;9425412;15
Xherdan Shaqiri;islamo;9436307;2
Yassero Al-Habib;islamo;9399699;2
Zajjanida dinastio;islamo;9038441;1
Zakato;islamo;9256454;9
Zu al-Karnajn;islamo;8583547;2
Ĉadoro;islamo;9197177;5
Ĝabal an-Nur;islamo;9057943;1
Ĝami;islamo;9010659;6
Ĝaʿfar as-Sadik;islamo;8868464;3
Ĝihado;islamo;9410212;5
Ĥabad Lubaviĉ;judismo;9375796;15
Ĥariĝismo;islamo;9410213;5
Ĥasidismo;judismo;9465130;5
Ĥazan;judismo;9467660;2
Ĥazar-hipotezo pri la deveno de aŝkenazaj judoj;judismo;9215794;5
Ĥusejn ibn Ali;islamo;9258597;4
Ŝabtajanismo (judismo);judismo;8925714;4
Ŝahado;islamo;9155257;8
Ŝario;islamo;9196525;7
Ŝevato;judismo;5366781;1
Ŝlomo Sand;judismo;9374216;12
Ŝtejtel;judismo;9431367;13
Ŝukr;islamo;6887431;2
Ŝvittuko de Oviedo;kristanismo;7866019;5
Ŭakfo;islamo;8594719;1
Ŭalio;islamo;8617215;4
‘Abbas ibn ‘Abd al-Muttalib;islamo;7743544;1
